"question","model","n","loo_rmse","loo_mae","bic","in_sample_r2","rank_rmse"
"q1_schooling_stunting","No predictor",27,5.96302959019081,4.69230769230769,177.597625125098,0,4
"q1_schooling_stunting","Linear OLS",27,5.19356821388171,3.66162353984411,171.996984280835,0.280716121019477,2
"q1_schooling_stunting","Quadratic OLS",27,5.2341452083206,3.7032199166115,174.4568441937,0.302645426521316,3
"q1_schooling_stunting","Huber linear",27,5.15432937584336,3.6427785104913,NA,NA,1
"q2_marriage_motherhood","No predictor",27,3.87111897649472,2.76438746438746,154.26773156291,0,4
"q2_marriage_motherhood","Linear OLS",27,2.88463955308968,2.01973413143001,138.695243867091,0.502831778157588,2
"q2_marriage_motherhood","Quadratic OLS",27,3.12036549963552,2.30898507326153,141.050385268648,0.519855130126749,3
"q2_marriage_motherhood","Huber linear",27,2.82035271755753,1.99632346509863,NA,NA,1
"q3_digital_gender","No predictor",27,7.62349994945169,6.33732193732194,190.863097874746,0,4
"q3_digital_gender","Linear OLS",27,6.89247700481701,5.42863461803375,187.04145919637,0.231727050013725,2
"q3_digital_gender","Quadratic OLS",27,6.5662341465574,5.25658436316883,187.092947489204,0.318712755458847,1
"q3_digital_gender","Huber linear",27,6.94826687233521,5.50993934546024,NA,NA,3
"q4_nutrition_transition","No predictor",27,3.14137779292301,2.57578347578348,142.988097340739,0,1
"q4_nutrition_transition","Linear OLS",27,3.32658915124542,2.71294960384846,146.054000246163,0.0084799135848215,2
"q4_nutrition_transition","Quadratic OLS",27,3.48195786454924,2.77892717616192,148.359554397243,0.0441872087926442,4
"q4_nutrition_transition","Huber linear",27,3.38123668454524,2.76147911690293,NA,NA,3
