"unit","cluster","pc1","pc2"
"Andhra Pradesh",1,0.760850393689499,-1.7175256106071
"Arunachal Pradesh",2,0.104681495527294,0.0882079368960206
"Assam",2,-2.33994249867457,-0.399263162383104
"Bihar",2,-3.57663622513541,-0.164040135496358
"Chhattisgarh",2,-1.14737611240813,0.509576702488491
"Goa",1,3.9736740733873,-0.0101216298213757
"Gujarat",2,-1.26262981053075,0.501805649209795
"Haryana",1,1.05740030431926,0.282875222476233
"Himachal Pradesh",1,2.86667127015128,-0.181521127620023
"Jharkhand",2,-2.34636006764116,0.474781480095835
"Karnataka",1,0.819792582566639,-0.841147389847982
"Kerala",1,4.32418039015194,0.478702005861343
"Madhya Pradesh",2,-1.80132129702399,0.252759256012784
"Maharashtra",2,-0.475073738887499,0.115869265096283
"Meghalaya",2,-2.27451511197371,0.977674979996293
"Mizoram",1,0.441468813786803,2.0332577792732
"Nagaland",2,-0.79379872844759,1.61659244662985
"Odisha",2,-0.836781428884317,-0.700062725534151
"Punjab",1,1.59617380648546,0.322518562500492
"Rajasthan",2,-1.95167206983924,0.425488334030486
"Sikkim",1,2.71955784775459,0.320631863917022
"Tamil Nadu",1,2.00108047534088,-0.964657241193159
"Telangana",1,0.238118848352311,-0.370459605957784
"Tripura",2,-2.14325955393066,-1.82062381791411
"Uttar Pradesh",2,-0.983290169959127,0.88178956577633
"Uttarakhand",1,1.50646121621677,0.474868393428682
"West Bengal",2,-0.47745470439387,-2.58797699731398
