"unit","women_schooling","women_internet","child_marriage","anc_four_visits","adequate_child_diet","child_stunting","women_overweight"
"Andhra Pradesh",48.4,63.6,25.1,85.5,19.2,24.6,47.9
"Arunachal Pradesh",50.4,73.4,17.3,46,24,24.1,29.3
"Assam",37.1,53.5,25.3,51.4,16.4,30.3,19.6
"Bihar",33.1,58.4,34.6,37.6,11.9,35.6,19.8
"Chhattisgarh",41.9,54.4,10.1,68.8,12.4,27.5,20.3
"Goa",66.5,94,6.8,88,33,19.4,45.1
"Gujarat",38.6,65.7,18,82.3,7.8,35.3,32.1
"Haryana",55.2,74,11.9,79,17,25.9,37.3
"Himachal Pradesh",72.1,75.4,7.9,83.2,27.8,20.6,38.2
"Jharkhand",39.5,68.6,28.1,59,13.3,35,16.9
"Karnataka",57.6,57.9,15.3,84.5,18.3,26.5,41.2
"Kerala",86.6,87.3,2.9,88.6,26,20.1,46.7
"Madhya Pradesh",33.7,62,20,69.5,12,31.4,22.2
"Maharashtra",55.4,62.6,19.7,77.5,9.3,29.5,31.1
"Meghalaya",37.5,59,13.8,53.2,18.9,36.8,13.8
"Mizoram",54.7,82.5,6,72.1,8,26.1,24.8
"Nagaland",46.3,76.6,10.2,32.5,18,25.1,17.2
"Odisha",43.9,51.8,18.6,73.6,14.9,26.8,29.7
"Punjab",60.6,74.5,10.2,72,11.1,20.4,44.7
"Rajasthan",38.7,66.3,24.6,61,8.7,29.6,20.3
"Sikkim",58.4,90.3,9.1,73.6,22.2,20.1,47.5
"Tamil Nadu",64.2,59.5,10.5,87.6,20.6,20.7,44.2
"Telangana",51.1,64.8,17.9,80.3,15.3,27,36.3
"Tripura",32.9,48.8,34,49.6,15.9,21.9,26.2
"Uttar Pradesh",42.5,70,13.7,51.8,17.1,31.5,26.7
"Uttarakhand",56.1,76.9,8.2,68.3,19.2,20,34.3
"West Bengal",40,59.3,36.4,64.5,28.3,22.4,34.6
