"unit","x","y"
"Andhra Pradesh",11.8,5.7
"Arunachal Pradesh",3.3,2.4
"Assam",17.8,7
"Bihar",16.3,2.8
"Chhattisgarh",4.5,1.7
"Goa",-6.3,-2
"Gujarat",8.6,3.6
"Haryana",3.3,0.5
"Himachal Pradesh",-0.0999999999999996,2.1
"Jharkhand",21.1,8.6
"Karnataka",9.1,4.6
"Kerala",1.4,2.2
"Madhya Pradesh",14.4,4.6
"Maharashtra",13.4,4.7
"Meghalaya",4.8,3.5
"Mizoram",4.8,5.6
"Nagaland",1.5,2.4
"Odisha",4.6,4.4
"Punjab",0.300000000000001,0.5
"Rajasthan",18,2.5
"Sikkim",8.2,-3.2
"Tamil Nadu",2.3,3
"Telangana",6.7,4.5
"Tripura",18.9,13.3
"Uttar Pradesh",6.4,1.7
"Uttarakhand",2.3,-0.2
"West Bengal",19.8,13.8
